{
  "upcomings": {
    "upcomingHolidaysList": [
      {
        "id" : "1",
        "event": "Eid'l Fitr",
        "date": "June 05, 2019",
        "day": "Wednesday"
      },
      {
        "id" : "2",
        "event": "Eid'l Fitr",
        "date": "June 05, 2019",
        "day": "Wednesday"
      }
    ],
    "upcomingLeavesList": [
      {
        "id" : "1",
        "days": "5 days",
        "date": "March 05-06 2019",
        "status": "Pending"
      },
      {
        "id" : "2",
        "days": "5 days",
        "date": "June 05-10 2019",
        "status": "Approve"
      },
      {
        "id" : "3",
        "days": "5 days",
        "date": "March 05-06 2019",
        "status": "Pending"
      },
      {
        "id" : "4",
        "days": "5 days",
        "date": "April 05-10 2019",
        "status": "Approve"
      }
    ]
  }
}
