
[
    {
        "id" : "1",
        "days": "5 days",
        "date": "March 05-06 2019",
        "status": "Pending"
    },
    {
        "id" : "2",
        "days": "5 days",
        "date": "June 05-10 2019",
        "status": "Approve"
    },
    {
        "id" : "3",
        "days": "5 days",
        "date": "March 05-06 2019",
        "status": "Pending"
    },
    {
        "id" : "4",
        "days": "5 days",
        "date": "April 05-10 2019",
        "status": "Approve"
    }
]
